{"inputUnits":[34],"outputUnits":3,"inputs":{"0":{"dtype":"number","min":219.31806564331055,"max":342.33890533447266},"1":{"dtype":"number","min":177.4958543118183,"max":234.0202760696411},"2":{"dtype":"number","min":215.2233123779297,"max":350.17601013183594},"3":{"dtype":"number","min":171.02039337158203,"max":228.67117881774902},"4":{"dtype":"number","min":219.7605323791504,"max":337.66613006591797},"5":{"dtype":"number","min":170.72379112243652,"max":227.34270572662354},"6":{"dtype":"number","min":211.14744186401367,"max":358.47652435302734},"7":{"dtype":"number","min":175.43552362817326,"max":235.34550189971924},"8":{"dtype":"number","min":215.43495178222656,"max":336.51947021484375},"9":{"dtype":"number","min":175.53337282883658,"max":232.60236740112305},"10":{"dtype":"number","min":200.50552368164062,"max":372.81436920166016},"11":{"dtype":"number","min":197.71685838410946,"max":268.92022132873535},"12":{"dtype":"number","min":197.88192562498753,"max":349.05952541717517},"13":{"dtype":"number","min":200.46846025969896,"max":264.26090240478516},"14":{"dtype":"number","min":177.7533721923828,"max":417.92171478271484},"15":{"dtype":"number","min":156.29422716751898,"max":294.38690185546875},"16":{"dtype":"number","min":157.8514289855957,"max":362.3236083984375},"17":{"dtype":"number","min":154.06165658978287,"max":287.2503089904785},"18":{"dtype":"number","min":193.4537696838379,"max":414.2991638183594},"19":{"dtype":"number","min":122.5348949432373,"max":284.4037914276123},"20":{"dtype":"number","min":138.86191368103027,"max":349.47032928466797},"21":{"dtype":"number","min":122.61767864227295,"max":280.34671783447266},"22":{"dtype":"number","min":239.94600934650006,"max":343.48033905029297},"23":{"dtype":"number","min":289.3055074075469,"max":358.90520095825195},"24":{"dtype":"number","min":216.43910706769915,"max":340.7796900635495},"25":{"dtype":"number","min":290.5631446838379,"max":356.54685974121094},"26":{"dtype":"number","min":223.09289932250977,"max":348.36254119873047},"27":{"dtype":"number","min":324.891357421875,"max":399.5482063293457},"28":{"dtype":"number","min":206.76736028748326,"max":336.0735437530751},"29":{"dtype":"number","min":304.2428970336914,"max":403.74217987060547},"30":{"dtype":"number","min":227.97539588623403,"max":363.74304409150113},"31":{"dtype":"number","min":380.5069511996149,"max":467.7824020385742},"32":{"dtype":"number","min":214.34097290039062,"max":347.3519672059701},"33":{"dtype":"number","min":359.8417282104492,"max":457.96405771778404}},"outputs":{"0":{"dtype":"string","min":0,"max":1,"uniqueValues":["A","I","X"],"legend":{"A":[1,0,0],"I":[0,1,0],"X":[0,0,1]}}},"isNormalized":true}